﻿pos_x,pos_y,rotation,side,designator,mpn,pack,footprint,value,mount_type
178.0,-118.25,0.0,top,C1,,,C_Disc_D3.0mm_W2.0mm_P2.50mm,"0,1uF",tht
211.75,-123.0,180.0,top,C2,,,C_Disc_D3.0mm_W2.0mm_P2.50mm,"0,1uF",tht
249.5,-166.24,-90.0,top,C3,,,C_Disc_D3.0mm_W2.0mm_P2.50mm,22pF,tht
249.5,-161.5,90.0,top,C4,,,C_Disc_D3.0mm_W2.0mm_P2.50mm,22pF,tht
219.13,-143.96,0.0,top,C5,,,C_Disc_D3.0mm_W2.0mm_P2.50mm,"0,1uF",tht
234.63,-143.96,180.0,top,C6,,,C_Disc_D3.0mm_W2.0mm_P2.50mm,"0,1uF",tht
236.5,-116.5,0.0,top,C7,,,C_Disc_D3.0mm_W2.0mm_P2.50mm,"0,1uF",tht
168.34,-181.54,90.0,top,CN1,,,IDC-Header_2x05_P2.54mm_Vertical,Parallel1,tht
196.333,-182.5,0.0,top,CN2,,,MICMA10B,Parallel2,tht
255.0,-170.25,-90.0,top,D1,,,LED_D3.0mm,LED,tht
244.85,-143.38,0.0,top,DRL1,,,"BOHR3,5","BOHR3,5",tht
215.42,-116.54,90.0,top,J4,,,PinHeader_1x03_P2.54mm_Vertical,ROM Select,tht
252.81,-177.18,0.0,top,J5,,,PinHeader_2x03_P2.54mm_Vertical,SPI,tht
226.42,-116.54,90.0,top,J6,,,PinHeader_1x03_P2.54mm_Vertical,BANK Switch,tht
172.39,-170.54,90.0,bottom,R1,,,R_Axial_DIN0204_L3.6mm_D1.6mm_P5.08mm_Horizontal,"3,3K",tht
209.85,-172.92,-90.0,top,R2,,,R_Axial_DIN0204_L3.6mm_D1.6mm_P5.08mm_Horizontal,10K,tht
246.54,-173.25,180.0,top,R3,,,R_Axial_DIN0204_L3.6mm_D1.6mm_P5.08mm_Horizontal,560R,tht
256.0,-116.5,180.0,top,R4,,,R_Axial_DIN0204_L3.6mm_D1.6mm_P5.08mm_Horizontal,10K,tht
242.96,-116.5,0.0,top,R5,,,R_Axial_DIN0204_L3.6mm_D1.6mm_P5.08mm_Horizontal,10K,tht
243.5,-152.38,0.0,top,SW1,,,JTP-1130,"Button 6x6,5mm",tht
181.59,-173.1,180.0,top,U1,,,DIP-40_W15.24mm_Socket,6502 Socket,tht
178.59,-173.1,180.0,top,U2,,,DIP-40_W15.24mm_Socket_LongPads,2x20 CONN HDR,tht
221.13,-130.92,90.0,top,U3,,,PLCC-32_THT-Socket,EPROM,tht
204.74,-173.04,180.0,top,U4,,,DIP-40_W15.24mm_Socket,W65C21N (PIA),tht
229.38,-148.38,0.0,top,U5,,,DIP-20_W7.62mm,74AHCT273N,tht
214.69,-183.88,90.0,top,U6,,,DIP-28_W7.62mm,ATmega328-PU,tht
216.63,-148.38,0.0,top,U7,,,DIP-20_W7.62mm,ATF16V8B(QL),tht
247.75,-130.0,0.0,top,U8,,,SOP-28_8.4x18.16mm_P1.27mm,62256 SRAM,smt
243.75,-161.55,-90.0,top,Y1,,,Crystal_HC49-4H_Vertical,22.1184 MHz,tht
