﻿pos_x,pos_y,rotation,side,designator,mpn,pack,footprint,value,mount_type
185.5,-121.25,-90.0,top,C1,,,C_Disc_D3.0mm_W2.0mm_P2.50mm,"0,1uF",tht
244.0,-158.25,90.0,top,C2,,,C_Disc_D3.0mm_W2.0mm_P2.50mm,"0,1uF",tht
251.0,-169.0,-90.0,top,C3,,,C_Disc_D3.0mm_W2.0mm_P2.50mm,22pF,tht
209.75,-167.75,90.0,top,C4,,,C_Disc_D3.0mm_W2.0mm_P2.50mm,"0,1uF",tht
251.0,-162.75,-90.0,top,C5,,,C_Disc_D3.0mm_W2.0mm_P2.50mm,22pF,tht
232.25,-186.0,180.0,top,C6,,,C_Disc_D3.0mm_W2.0mm_P2.50mm,"0,1uF",tht
209.5,-154.5,90.0,top,C7,,,C_Disc_D3.0mm_W2.0mm_P2.50mm,"0,1uF",tht
236.5,-126.5,90.0,top,C8,,,C_Disc_D3.0mm_W2.0mm_P2.50mm,"0,1uF",tht
171.0619,-182.75,0.0,top,CN1,,,MICMA10B,Parallel1,tht
208.7483,-178.75,0.0,top,CN2,,,PinHeader_1x03_P2.54mm_Vertical,PC1-3,tht
194.25,-182.75,0.0,top,CN3,,,MICMA10B,Parallel2,tht
255.5,-154.96,-90.0,top,D1,,,LED_D3.0mm,LED,tht
215.21,-116.25,90.0,top,J3,,,PinHeader_1x03_P2.54mm_Vertical,ROM Select,tht
226.17,-116.5,90.0,top,J5,,,PinHeader_1x03_P2.54mm_Vertical,BANK Switch,tht
252.725,-177.225,0.0,top,J6,,,PinHeader_2x03_P2.54mm_Vertical,SPI,tht
172.39,-170.56,90.0,bottom,R1,,,R_Axial_DIN0204_L3.6mm_D1.6mm_P5.08mm_Horizontal,"3,3K",tht
249.0,-158.83,90.0,top,R2,,,R_Axial_DIN0204_L3.6mm_D1.6mm_P5.08mm_Horizontal,10K,tht
256.25,-164.71,-90.0,top,R3,,,R_Axial_DIN0204_L3.6mm_D1.6mm_P5.08mm_Horizontal,560R,tht
238.38,-116.5,0.0,top,RN1,,,R_Array_SIP7,6x10K,tht
252.75,-148.0,0.0,top,SW1,,,JTP-1130,"Button 6x6,5mm",tht
181.3407,-172.26,180.0,top,U1,,,DIP-40_W15.24mm_Socket,6502 Socket,tht
178.49,-172.26,180.0,top,U2,,,DIP-40_W15.24mm_Socket_LongPads,2x20 CONN HDR,tht
218.09,-130.73,90.0,top,U3,,,PLCC-32_THT-Socket,EPROM,tht
205.25,-172.5,180.0,top,U4,,,DIP-40_W15.24mm_Socket,W65C21N (PIA),tht
214.575,-170.55,90.0,top,U5,,,DIP-20_W7.62mm,74AHCT273N,tht
214.46,-183.05,90.0,top,U6,,,DIP-28_W7.62mm,ATmega328-PU,tht
214.42,-157.25,90.0,top,U7,,,DIP-20_W7.62mm,ATF16V8B(QL),tht
248.25,-132.75,0.0,top,U8,,,SSOP-32_11.305x20.495mm_P1.27mm,AS6C4008-55,smt
244.75,-165.12,-90.0,top,Y1,,,Crystal_HC49-4H_Vertical,22.1184 MHz,tht
