﻿Designator,Quantity,Value,Footprint,Package,MPN,DNP,Mount_Type,Description
"C1, C2, C5, C6, C7",5,"0,1uF",C_Disc_D3.0mm_W2.0mm_P2.50mm,,,,tht,Unpolarized capacitor
"C3, C4",2,22pF,C_Disc_D3.0mm_W2.0mm_P2.50mm,,,,tht,Unpolarized capacitor
CN1,1,Parallel1,IDC-Header_2x05_P2.54mm_Vertical,,,,tht,
CN2,1,Parallel2,MICMA10B,,,,tht,
D1,1,LED,LED_D3.0mm,,,,tht,Light emitting diode
DRL1,1,"BOHR3,5","BOHR3,5",,,,tht,
J4,1,ROM Select,PinHeader_1x03_P2.54mm_Vertical,,,,tht,"Generic connector, single row, 01x03, script generated (kicad-library-utils/schlib/autogen/connector/)"
J5,1,SPI,PinHeader_2x03_P2.54mm_Vertical,,,,tht,"Generic connector, double row, 02x03, odd/even pin numbering scheme (row 1 odd numbers, row 2 even numbers), script generated (kicad-library-utils/schlib/autogen/connector/)"
J6,1,BANK Switch,PinHeader_1x03_P2.54mm_Vertical,,,,tht,"Generic connector, single row, 01x03, script generated (kicad-library-utils/schlib/autogen/connector/)"
R1,1,"3,3K",R_Axial_DIN0204_L3.6mm_D1.6mm_P5.08mm_Horizontal,,,,tht,
"R2, R4, R5",3,10K,R_Axial_DIN0204_L3.6mm_D1.6mm_P5.08mm_Horizontal,,,,tht,
R3,1,560R,R_Axial_DIN0204_L3.6mm_D1.6mm_P5.08mm_Horizontal,,,,tht,"Resistor, small symbol"
SW1,1,JTP-1130,JTP-1130,,,,tht,
U1,1,6502 Socket,DIP-40_W15.24mm_Socket,,,Yes,tht,"8-bit NMOS Microprocessor, 64K, DIP-40"
U2,1,PCB Header,DIP-40_W15.24mm_Socket_LongPads,,,Yes,tht,"8-bit NMOS Microprocessor, 64K, DIP-40"
U3,1,EPROM,PLCC-32_THT-Socket,,,,tht,"512K x 8 HIGH-SPEED CMOS STATIC RAM, 10ns, SOJ-36"
U4,1,MC68B21 (PIA),DIP-40_W15.24mm_Socket,,,,tht,
U5,1,74AHCT273N,DIP-20_W7.62mm,,,,tht,"8-bit D Flip-Flop, reset"
U6,1,ATmega328,DIP-28_W7.62mm,,,,tht,"20MHz, 32kB Flash, 2kB SRAM, 1kB EEPROM, DIP-28"
U7,1,ATF16V8,DIP-20_W7.62mm,,,,tht,"Programmable Logic Array, DIP-20/SOIC-20/PLCC-20"
U8,1,HM62256,SOP-28_8.4x18.16mm_P1.27mm,,,,smt,"256K (32K x 8) Static RAM, 70ns, DIP-28"
Y1,1,20MHz,Crystal_HC49-4H_Vertical,,,,tht,Two pin crystal
